Workbook

Sheet АВС Менеджеры сумма
G1: X | H1: Y1 | J1: Xa-bc | K1: Ya-bc
G2: 0 | H2: 0 | J2: 0.2 | K2: 0.83413473
G3: 1 | H3: 1 | J3: 0.2 | K3: 0
G5: X | H5: Y2 | J5: Xb-c | K5: Yb-c
G6: 0.2 | H6: 0.83413473 | J6: 0.45 | K6: 0.95001905
G7: 1 | H7: 1 | J7: 0.45 | K7: 0
D21: 20/30/50 | E21: 80/15/5
A22: ФИО менеджера | B22: Количество | C22: Номер | D22: X | E22: Y0 | F22: Y1 | G22: Y0-Y1 | H22: Y2 | I22: Y0-Y2 | J22: АВС
A23: Яковлев Артем Игоревич | B23: 0.45309882 | C23: 1 | D23: =C23/MAX(C:C) -> 0.05 | E23: =B23 -> 0.45309882 | F23: =D23 -> 0.05 | G23: =E23-F23 -> 0.40309882 | H23: =0.2073*D23+0.7927 -> 0.803065 | I23: =E23-H23 -> -0.34996618 | J23: А
A24: Фролов Сергей Викторович | B24: 0.64967542 | C24: 2 | D24: =C24/MAX(C:C) -> 0.1 | E24: =B24 -> 0.64967542 | F24: =D24 -> 0.1 | G24: =E24-F24 -> 0.54967542 | H24: =0.2073*D24+0.7927 -> 0.81343 | I24: =E24-H24 -> -0.16375458 | J24: А
A25: Иванова Анна Сергеевна | B25: 0.77249587 | C25: 3 | D25: =C25/MAX(C:C) -> 0.15 | E25: =B25 -> 0.77249587 | F25: =D25 -> 0.15 | G25: =E25-F25 -> 0.62249587 | H25: =0.2073*D25+0.7927 -> 0.823795 | I25: =E25-H25 -> -0.051299128 | J25: А
A26: Ткаченко Андрей Олегович | B26: 0.83413473 | C26: 4 | D26: =C26/MAX(C:C) -> 0.2 | E26: =B26 -> 0.83413473 | F26: =D26 -> 0.2 | G26: =E26-F26 -> 0.63413473 | H26: =0.2073*D26+0.7927 -> 0.83416 | I26: =E26-H26 -> -2.5274476e-05 | J26: А
A27: Семенова Ирина Валерьевна | B27: 0.87362183 | C27: 5 | D27: =C27/MAX(C:C) -> 0.25 | E27: =B27 -> 0.87362183 | F27: =D27 -> 0.25 | G27: =E27-F27 -> 0.62362183 | H27: =0.2073*D27+0.7927 -> 0.844525 | I27: =E27-H27 -> 0.029096833 | J27: В
A28: Орлов Павел Денисович | B28: 0.90000376 | C28: 6 | D28: =C28/MAX(C:C) -> 0.3 | E28: =B28 -> 0.90000376 | F28: =D28 -> 0.3 | G28: =E28-F28 -> 0.60000376 | H28: =0.2073*D28+0.7927 -> 0.85489 | I28: =E28-H28 -> 0.045113758 | J28: В
A29: Кузнецов Максим Алексеевич | B29: 0.92071985 | C29: 7 | D29: =C29/MAX(C:C) -> 0.35 | E29: =B29 -> 0.92071985 | F29: =D29 -> 0.35 | G29: =E29-F29 -> 0.57071985 | H29: =0.2073*D29+0.7927 -> 0.865255 | I29: =E29-H29 -> 0.055464853 | J29: В
A30: Морозова Елена Андреевна | B30: 0.93635265 | C30: 8 | D30: =C30/MAX(C:C) -> 0.4 | E30: =B30 -> 0.93635265 | F30: =D30 -> 0.4 | G30: =E30-F30 -> 0.53635265 | H30: =0.2073*D30+0.7927 -> 0.87562 | I30: =E30-H30 -> 0.060732653 | J30: В
A31: Волков Дмитрий Романович | B31: 0.95001905 | C31: 9 | D31: =C31/MAX(C:C) -> 0.45 | E31: =B31 -> 0.95001905 | F31: =D31 -> 0.45 | G31: =E31-F31 -> 0.50001905 | H31: =0.2073*D31+0.7927 -> 0.885985 | I31: =E31-H31 -> 0.064034051 | J31: В
A32: Соколова Мария Ильинична | B32: 0.96025906 | C32: 10 | D32: =C32/MAX(C:C) -> 0.5 | E32: =B32 -> 0.96025906 | F32: =D32 -> 0.5 | G32: =E32-F32 -> 0.46025906 | H32: =0.2073*D32+0.7927 -> 0.89635 | I32: =E32-H32 -> 0.063909062 | J32: С
A33: Лебедев Николай Олегович | B33: 0.96926059 | C33: 11 | D33: =C33/MAX(C:C) -> 0.55 | E33: =B33 -> 0.96926059 | F33: =D33 -> 0.55 | G33: =E33-F33 -> 0.41926059 | H33: =0.2073*D33+0.7927 -> 0.906715 | I33: =E33-H33 -> 0.062545594 | J33: С
A34: Новикова Ольга Викторовна | B34: 0.97682313 | C34: 12 | D34: =C34/MAX(C:C) -> 0.6 | E34: =B34 -> 0.97682313 | F34: =D34 -> 0.6 | G34: =E34-F34 -> 0.37682313 | H34: =0.2073*D34+0.7927 -> 0.91708 | I34: =E34-H34 -> 0.05974313 | J34: С
... A42: Михайлова Алина Романовна | B42: 1 | C42: 20 | D42: =C42/MAX(C:C) -> 1 | E42: =B42 -> 1 | F42: =D42 -> 1 | G42: =E42-F42 -> 0 | H42: =0.2073*D42+0.7927 -> 1 | I42: =E42-H42 -> 0 | J42: С

Sheet АВС Менеджеры сделки
H2: X | I2: Y1 | L2: Xa-bc | M2: Ya-bc | O2: Перпендикуляры
H3: 0 | I3: 0 | L3: 0.25 | M3: 0.76151762
H4: 1 | I4: 1 | L4: 0.25 | M4: 0
H6: X | I6: Y2 | L6: Xbc | M6: Ybc
H7: 0.25 | I7: 0.76151762 | L7: 0.6 | M7: 0.94817073
H8: 1 | I8: 1 | L8: =L7 -> 0.6 | M8: 0
D22: 20/30/50 | E22: 80/15/5
A23: ФИО менеджера | B23: Количество | C23: Номер | D23: X | E23: Y0 | F23: Y1 | G23: Y0-Y1 | H23: Y2 | I23: Y0-Y2 | J23: АВС
A24: Яковлев Артем Игоревич | B24: 0.34044715 | C24: 1 | D24: =C24/MAX(C:C) -> 0.05 | E24: =B24 -> 0.34044715 | F24: =D24 -> 0.05 | G24: =E24-F24 -> 0.29044715 | H24: =0.318*D24+0.682 -> 0.6979 | I24: =E24-H24 -> -0.35745285 | J24: А
A25: Фролов Сергей Викторович | B25: 0.52100271 | C25: 2 | D25: =C25/MAX(C:C) -> 0.1 | E25: =B25 -> 0.52100271 | F25: =D25 -> 0.1 | G25: =E25-F25 -> 0.42100271 | H25: =0.318*D25+0.682 -> 0.7138 | I25: =E25-H25 -> -0.19279729 | J25: А
A26: Иванова Анна Сергеевна | B26: 0.63821138 | C26: 3 | D26: =C26/MAX(C:C) -> 0.15 | E26: =B26 -> 0.63821138 | F26: =D26 -> 0.15 | G26: =E26-F26 -> 0.48821138 | H26: =0.318*D26+0.682 -> 0.7297 | I26: =E26-H26 -> -0.091488618 | J26: А
A27: Ткаченко Андрей Олегович | B27: 0.70833333 | C27: 4 | D27: =C27/MAX(C:C) -> 0.2 | E27: =B27 -> 0.70833333 | F27: =D27 -> 0.2 | G27: =E27-F27 -> 0.50833333 | H27: =0.318*D27+0.682 -> 0.7456 | I27: =E27-H27 -> -0.037266667 | J27: А
A28: Семенова Ирина Валерьевна | B28: 0.76151762 | C28: 5 | D28: =C28/MAX(C:C) -> 0.25 | E28: =B28 -> 0.76151762 | F28: =D28 -> 0.25 | G28: =E28-F28 -> 0.51151762 | H28: =0.318*D28+0.682 -> 0.7615 | I28: =E28-H28 -> 1.7615176e-05 | J28: А
A29: Орлов Павел Денисович | B29: 0.80149051 | C29: 6 | D29: =C29/MAX(C:C) -> 0.3 | E29: =B29 -> 0.80149051 | F29: =D29 -> 0.3 | G29: =E29-F29 -> 0.50149051 | H29: =0.318*D29+0.682 -> 0.7774 | I29: =E29-H29 -> 0.024090515 | J29: В
A30: Кузнецов Максим Алексеевич | B30: 0.83536585 | C30: 7 | D30: =C30/MAX(C:C) -> 0.35 | E30: =B30 -> 0.83536585 | F30: =D30 -> 0.35 | G30: =E30-F30 -> 0.48536585 | H30: =0.318*D30+0.682 -> 0.7933 | I30: =E30-H30 -> 0.042065854 | J30: В
A31: Морозова Елена Андреевна | B31: 0.86551491 | C31: 8 | D31: =C31/MAX(C:C) -> 0.4 | E31: =B31 -> 0.86551491 | F31: =D31 -> 0.4 | G31: =E31-F31 -> 0.46551491 | H31: =0.318*D31+0.682 -> 0.8092 | I31: =E31-H31 -> 0.056314905 | J31: В
A32: Волков Дмитрий Романович | B32: 0.89092141 | C32: 9 | D32: =C32/MAX(C:C) -> 0.45 | E32: =B32 -> 0.89092141 | F32: =D32 -> 0.45 | G32: =E32-F32 -> 0.44092141 | H32: =0.318*D32+0.682 -> 0.8251 | I32: =E32-H32 -> 0.065821409 | J32: В
A33: Соколова Мария Ильинична | B33: 0.91226287 | C33: 10 | D33: =C33/MAX(C:C) -> 0.5 | E33: =B33 -> 0.91226287 | F33: =D33 -> 0.5 | G33: =E33-F33 -> 0.41226287 | H33: =0.318*D33+0.682 -> 0.841 | I33: =E33-H33 -> 0.071262873 | J33: В
A34: Лебедев Николай Олегович | B34: 0.93224932 | C34: 11 | D34: =C34/MAX(C:C) -> 0.55 | E34: =B34 -> 0.93224932 | F34: =D34 -> 0.55 | G34: =E34-F34 -> 0.38224932 | H34: =0.318*D34+0.682 -> 0.8569 | I34: =E34-H34 -> 0.075349322 | J34: В
A35: Новикова Ольга Викторовна | B35: 0.94817073 | C35: 12 | D35: =C35/MAX(C:C) -> 0.6 | E35: =B35 -> 0.94817073 | F35: =D35 -> 0.6 | G35: =E35-F35 -> 0.34817073 | H35: =0.318*D35+0.682 -> 0.8728 | I35: =E35-H35 -> 0.075370732 | J35: В
... A43: Егоров Илья Александрович | B43: 1 | C43: 20 | D43: =C43/MAX(C:C) -> 1 | E43: =B43 -> 1 | F43: =D43 -> 1 | G43: =E43-F43 -> 0 | H43: =0.318*D43+0.682 -> 1 | I43: =E43-H43 -> 0 | J43: С

Sheet Данные
A1: ФИО менеджера | B1: ФИО клиента | C1: Дата сделки | D1: Сумма сделки
A2: Иванова Анна Сергеевна | B2: Алексеев Александр Александрович | C2: 46023 | D2: 37003
A3: Кузнецов Максим Алексеевич | B3: Лебедев Виктор Антонович | C3: 46023 | D3: 20731
A4: Лебедев Николай Олегович | B4: Новиков Максим Иванович | C4: 46023 | D4: 14854
A5: Новикова Ольга Викторовна | B5: Соколова Дарья Максимовна | C5: 46023 | D5: 31491
A6: Павлова Татьяна Сергеевна | B6: Андреев Николай Дмитриевич | C6: 46023 | D6: 7639
A7: Ткаченко Андрей Олегович | B7: Куликова Александра Дмитриевна | C7: 46023 | D7: 5699
A8: Фролов Сергей Викторович | B8: Романов Николай Кириллович | C8: 46023 | D8: 29072
A9: Яковлев Артем Игоревич | B9: Алексеев Дмитрий Артемович | C9: 46023 | D9: 41314
A10: Яковлев Артем Игоревич | B10: Андреев Илья Дмитриевич | C10: 46023 | D10: 47734
A11: Яковлев Артем Игоревич | B11: Захарова Людмила Федоровна | C11: 46023 | D11: 50358
A12: Яковлев Артем Игоревич | B12: Павлов Владимир Александрович | C12: 46023 | D12: 33577
A13: Яковлев Артем Игоревич | B13: Павлов Николай Антонович | C13: 46023 | D13: 50091
... A2953: Фролов Сергей Викторович | B2953: Сидорова Виктория Алексеевна | C2953: 46265 | D2953: 24158

Sheet ABC Менеджеры
B7: ФИО Менеджера (по алфавиту) | C7: ABC по сумме сделки | D7: ABC по количеству сделок
A8: 1 | B8: Васильева Дарья Павловна | C8: =VLOOKUP(B8,'АВС Менеджеры сумма'!$A$23:$J$42,10,0) -> С | D8: =VLOOKUP(B8,'АВС Менеджеры сделки'!$A$24:$J$43,10,0) -> С
A9: 2 | B9: Волков Дмитрий Романович | C9: =VLOOKUP(B9,'АВС Менеджеры сумма'!$A$23:$J$42,10,0) -> В | D9: =VLOOKUP(B9,'АВС Менеджеры сделки'!$A$24:$J$43,10,0) -> В
A10: 3 | B10: Егоров Илья Александрович | C10: =VLOOKUP(B10,'АВС Менеджеры сумма'!$A$23:$J$42,10,0) -> С | D10: =VLOOKUP(B10,'АВС Менеджеры сделки'!$A$24:$J$43,10,0) -> С
A11: 4 | B11: Иванова Анна Сергеевна | C11: =VLOOKUP(B11,'АВС Менеджеры сумма'!$A$23:$J$42,10,0) -> А | D11: =VLOOKUP(B11,'АВС Менеджеры сделки'!$A$24:$J$43,10,0) -> А
A12: 5 | B12: Козлов Алексей Михайлович | C12: =VLOOKUP(B12,'АВС Менеджеры сумма'!$A$23:$J$42,10,0) -> С | D12: =VLOOKUP(B12,'АВС Менеджеры сделки'!$A$24:$J$43,10,0) -> С
A13: 6 | B13: Кузнецов Максим Алексеевич | C13: =VLOOKUP(B13,'АВС Менеджеры сумма'!$A$23:$J$42,10,0) -> В | D13: =VLOOKUP(B13,'АВС Менеджеры сделки'!$A$24:$J$43,10,0) -> В
A14: 7 | B14: Лебедев Николай Олегович | C14: =VLOOKUP(B14,'АВС Менеджеры сумма'!$A$23:$J$42,10,0) -> С | D14: =VLOOKUP(B14,'АВС Менеджеры сделки'!$A$24:$J$43,10,0) -> В
A15: 8 | B15: Михайлова Алина Романовна | C15: =VLOOKUP(B15,'АВС Менеджеры сумма'!$A$23:$J$42,10,0) -> С | D15: =VLOOKUP(B15,'АВС Менеджеры сделки'!$A$24:$J$43,10,0) -> С
A16: 9 | B16: Морозова Елена Андреевна | C16: =VLOOKUP(B16,'АВС Менеджеры сумма'!$A$23:$J$42,10,0) -> В | D16: =VLOOKUP(B16,'АВС Менеджеры сделки'!$A$24:$J$43,10,0) -> В
A17: 10 | B17: Новикова Ольга Викторовна | C17: =VLOOKUP(B17,'АВС Менеджеры сумма'!$A$23:$J$42,10,0) -> С | D17: =VLOOKUP(B17,'АВС Менеджеры сделки'!$A$24:$J$43,10,0) -> В
A18: 11 | B18: Орлов Павел Денисович | C18: =VLOOKUP(B18,'АВС Менеджеры сумма'!$A$23:$J$42,10,0) -> В | D18: =VLOOKUP(B18,'АВС Менеджеры сделки'!$A$24:$J$43,10,0) -> В
A19: 12 | B19: Павлова Татьяна Сергеевна | C19: =VLOOKUP(B19,'АВС Менеджеры сумма'!$A$23:$J$42,10,0) -> С | D19: =VLOOKUP(B19,'АВС Менеджеры сделки'!$A$24:$J$43,10,0) -> С
... A27: 20 | B27: Яковлев Артем Игоревич | C27: =VLOOKUP(B27,'АВС Менеджеры сумма'!$A$23:$J$42,10,0) -> А | D27: =VLOOKUP(B27,'АВС Менеджеры сделки'!$A$24:$J$43,10,0) -> А

Sheet ABC_XYZ Клиенты
A1: ФИО Клиента (все клиенты) | B1: янв | C1: фев | D1: мар | E1: апр | F1: май | G1: июн | H1: июл | I1: авг | J1: ABC | K1: XYZ
A2: Захаров Павел Артемович | B2: 234052 | C2: 216077 | D2: 241027 | E2: 28462 | F2: 54340 | G2: 193296 | H2: 229566 | I2: 233044 | J2: A | K2: Z
A3: Орлова Валерия Олеговна | B3: 183801 | C3: 184120 | D3: 179863 | E3: 170425 | F3: 173716 | G3: 169770 | H3: 183172 | I3: 181646 | J3: A | K3: Z
A4: Новикова Екатерина Ивановна | B4: 116467 | C4: 208399 | D4: 264694 | E4: 213152 | F4: 283059 | G4: 120640 | H4: 103649 | I4: 98881 | J4: A | K4: Z
A5: Петров Николай Александрович | B5: 169665 | C5: 160532 | D5: 173415 | E5: 174376 | F5: 174568 | G5: 161080 | H5: 166550 | I5: 169274 | J5: A | K5: Z
A6: Михайлов Юрий Павлович | B6: 178222 | C6: 150966 | D6: 182303 | E6: 130158 | F6: 197803 | G6: 178110 | H6: 124476 | I6: 177636 | J6: A | K6: Y
A7: Григорьева Марина Антоновна | B7: 151209 | C7: 155598 | D7: 172682 | E7: 161027 | F7: 151203 | G7: 158179 | H7: 180762 | I7: 125537 | J7: A | K7: Y
A8: Степанов Алексей Александрович | B8: 176330 | C8: 121210 | D8: 152724 | E8: 160583 | F8: 150051 | G8: 137644 | H8: 170553 | I8: 161697 | J8: A | K8: Z
A9: Козлов Максим Антонович | B9: 151188 | C9: 150633 | D9: 160966 | E9: 152034 | F9: 161256 | G9: 147233 | H9: 148502 | I9: 151988 | J9: B | K9: Z
A10: Белов Юрий Максимович | B10: 286775 | C10: 221110 | D10: 38080 | E10: 47894 | F10: 59927 | G10: 119964 | H10: 251860 | I10: 195841 | J10: B | K10: Z
A11: Степанова Ольга Денисовна | B11: 206692 | C11: 230270 | D11: 231500 | E11: 173326 | F11: 27445 | G11: 202914 | H11: 53448 | I11: 50577 | J11: B | K11: X
M14: Сводная таблица
M15: количество клиентов каждой категории
N16: X | O16: Y | P16: Z
M17: A | N17: 44 | O17: 36 | P17: 34
M18: B | N18: 34 | O18: 21 | P18: 26
M19: C | N19: 18 | O19: 12 | P19: 12
M21: Сумма сделок в каждой категории
N22: X | O22: Y | P22: Z
M23: A | N23: 28404282 | O23: 22043733 | P23: 22687446
M24: B | N24: 5956442 | O24: 3448558 | P24: 4338323
M25: C | N25: 2066637 | O25: 1253159 | P25: 1315289

Sheet АВС_XYZ
A3: ФИО клиента | B3: Сумма | C3: АВС | I3: ФИО клиента | J3: Вариация | K3: АВС | L3: XYZ | M3: Сумма | R3: Сумма Сумма | S3: XYZ
A4: Алексеев Александр Александрович | B4: 290267 | C4: =VLOOKUP(B4,$O$10:$P$12,2,1) -> С | I4: Степанов Федор Артемович | J4: 0.093261774 | K4: А | L4: X | M4: 1328696 | R4: АВС | S4: X | T4: Y | U4: Z
A5: Алексеев Антон Сергеевич | B5: 133734 | C5: =VLOOKUP(B5,$O$10:$P$12,2,1) -> С | I5: Соколова Анна Владимировна | J5: 0.031513052 | K5: А | L5: X | M5: 1220532 | R5: А | S5: 28404282 | T5: 22043733 | U5: 22687446
A6: Алексеев Артем Антонович | B6: 289018 | C6: =VLOOKUP(B6,$O$10:$P$12,2,1) -> С | I6: Воробьев Евгений Николаевич | J6: 0.030418552 | K6: А | L6: X | M6: 396441 | O6: 0 | P6: X | R6: В | S6: 5956442 | T6: 3448558 | U6: 4338323
A7: Алексеев Дмитрий Артемович | B7: 975035 | C7: =VLOOKUP(B7,$O$10:$P$12,2,1) -> С | I7: Захаров Роман Романович | J7: 0.029277177 | K7: А | L7: X | M7: 664499 | O7: 0.1 | P7: Y | R7: С | S7: 2066637 | T7: 1253159 | U7: 1315289
A8: Алексеев Олег Артемович | B8: 94602 | C8: =VLOOKUP(B8,$O$10:$P$12,2,1) -> С | I8: Тарасова Полина Владимировна | J8: 0.029111365 | K8: А | L8: X | M8: 440624 | O8: 0.25 | P8: Z
A9: Алексеев Павел Борисович | B9: 384300 | C9: =VLOOKUP(B9,$O$10:$P$12,2,1) -> С | I9: Андреев Евгений Александрович | J9: 0.029069701 | K9: А | L9: X | M9: 999036
A10: Алексеева Александра Викторовна | B10: 436647 | C10: =VLOOKUP(B10,$O$10:$P$12,2,1) -> С | I10: Андреев Михаил Ильич | J10: 0.028974751 | K10: А | L10: X | M10: 1207105 | O10: 0 | P10: А
A11: Алексеева Александра Евгеньевна | B11: 196590 | C11: =VLOOKUP(B11,$O$10:$P$12,2,1) -> С | I11: Григорьева Ирина Николаевна | J11: 0.028682592 | K11: А | L11: X | M11: 472433 | O11: 0.8 | P11: В
A12: Алексеева Дарья Денисовна | B12: 118121 | C12: =VLOOKUP(B12,$O$10:$P$12,2,1) -> С | I12: Воробьева Марина Сергеевна | J12: 0.028020113 | K12: А | L12: X | M12: 297854 | O12: 0.95 | P12: С
A13: Алексеева Екатерина Андреевна | B13: 691318 | C13: =VLOOKUP(B13,$O$10:$P$12,2,1) -> С | I13: Белова Татьяна Николаевна | J13: 0.027618635 | K13: А | L13: X | M13: 379540
A14: Алексеева Ксения Евгеньевна | B14: 526669 | C14: =VLOOKUP(B14,$O$10:$P$12,2,1) -> С | I14: Новикова Полина Денисовна | J14: 0.027257278 | K14: А | L14: X | M14: 500808
A15: Алексеева Марина Евгеньевна | B15: 309962 | C15: =VLOOKUP(B15,$O$10:$P$12,2,1) -> С | I15: Романов Антон Евгеньевич | J15: 0.026779151 | K15: А | L15: X | M15: 372462
A16: Алексеева Юлия Николаевна | B16: 138758 | C16: =VLOOKUP(B16,$O$10:$P$12,2,1) -> С | I16: Алексеева Екатерина Андреевна | J16: 0.02652652 | K16: А | L16: X | M16: 691318
A17: Андреев Евгений Александрович | B17: 999036 | C17: =VLOOKUP(B17,$O$10:$P$12,2,1) -> С | I17: Попова Мария Игоревна | J17: 0.02638708 | K17: А | L17: X | M17: 278387
A18: Андреев Илья Дмитриевич | B18: 1308342 | C18: =VLOOKUP(B18,$O$10:$P$12,2,1) -> С | I18: Захарова Ксения Олеговна | J18: 0.025832276 | K18: А | L18: X | M18: 967679
A19: Андреев Михаил Ильич | B19: 1207105 | C19: =VLOOKUP(B19,$O$10:$P$12,2,1) -> С | I19: Андреев Илья Дмитриевич | J19: 0.025735755 | K19: А | L19: X | M19: 1308342
A20: Андреев Николай Дмитриевич | B20: 97999 | C20: =VLOOKUP(B20,$O$10:$P$12,2,1) -> С | I20: Яковлев Олег Кириллович | J20: 0.02559475 | K20: А | L20: X | M20: 776471
A21: Андреев Федор Сергеевич | B21: 259383 | C21: =VLOOKUP(B21,$O$10:$P$12,2,1) -> С | I21: Морозова Людмила Владимировна | J21: 0.025594407 | K21: А | L21: X | M21: 826720
A22: Андреева Алина Ивановна | B22: 231253 | C22: =VLOOKUP(B22,$O$10:$P$12,2,1) -> С | I22: Захаров Федор Евгеньевич | J22: 0.025140415 | K22: А | L22: X | M22: 516408
A23: Андреева Екатерина Игоревна | B23: 229246 | C23: =VLOOKUP(B23,$O$10:$P$12,2,1) -> С | I23: Лебедева Анна Ивановна | J23: 0.024346925 | K23: А | L23: X | M23: 315185
A24: Баранов Антон Павлович | B24: 179727 | C24: =VLOOKUP(B24,$O$10:$P$12,2,1) -> С | I24: Соколов Денис Викторович | J24: 0.024303918 | K24: А | L24: X | M24: 468491
... A240: Яковлева Ольга Романовна | B240: 752738 | C240: =VLOOKUP(B240,$O$10:$P$12,2,1) -> С | I240: Волков Евгений Сергеевич | J240: 0.53631174 | K240: С | L240: Z | M240: 104803
